{"entities":{"pages":{"结果记录表":{"id":"结果记录表","title":"结果记录表","url":"结果记录表.html","level":0,"tabIndex":0},"前言":{"id":"前言","title":"前言","url":"前言.html","level":0,"pages":["临床检验","关于检验的思考"],"tabIndex":1},"临床检验":{"id":"临床检验","title":"临床检验","url":"临床检验.html","level":1,"parentId":"前言","tabIndex":0},"关于检验的思考":{"id":"关于检验的思考","title":"关于检验的思考","url":"关于检验的思考.html","level":1,"parentId":"前言","tabIndex":1},"临床分子生物检验":{"id":"临床分子生物检验","title":"临床分子生物检验","url":"临床分子生物检验.html","level":0,"pages":["GLP指南","临床分子检验实验室设计参考标准","分子组排班","检测方法和报告发布"],"tabIndex":2},"GLP指南":{"id":"GLP指南","title":"GLP指南","url":"glp指南.html","level":1,"parentId":"临床分子生物检验","tabIndex":0},"临床分子检验实验室设计参考标准":{"id":"临床分子检验实验室设计参考标准","title":"临床分子检验实验室","url":"临床分子检验实验室设计参考标准.html","level":1,"parentId":"临床分子生物检验","tabIndex":1},"分子组排班":{"id":"分子组排班","title":"排班","url":"分子组排班.html","level":1,"parentId":"临床分子生物检验","tabIndex":2},"检测方法和报告发布":{"id":"检测方法和报告发布","title":"检测项目","url":"检测方法和报告发布.html","level":1,"parentId":"临床分子生物检验","pages":["项目一览表","扩增体系一览表"],"tabIndex":3},"项目一览表":{"id":"项目一览表","title":"项目一览表","url":"项目一览表.html","level":2,"parentId":"检测方法和报告发布","pages":["无创筛查实验","人乳头瘤病毒基因分型检测","性传播疾病病原体三项核酸检测","结核分枝杆菌复合群核酸检测","单纯疱疹病毒2型核酸检测","真菌三项核酸检测","新型冠状病毒核酸检测","血液感染性疾病筛查","呼吸道病原体核酸六项检测","呼吸道病原体核酸八项检测","乙型肝炎病毒核酸定量检测","丙型肝炎病毒基因分型","巨细胞病毒"],"tabIndex":0},"无创筛查实验":{"id":"无创筛查实验","title":"无创筛查实验","url":"无创筛查实验.html","level":3,"parentId":"项目一览表","tabIndex":0},"人乳头瘤病毒基因分型检测":{"id":"人乳头瘤病毒基因分型检测","title":"人乳头瘤病毒基因分型检测","url":"人乳头瘤病毒基因分型检测.html","level":3,"parentId":"项目一览表","pages":["人乳头瘤病毒结果记录表"],"tabIndex":1},"人乳头瘤病毒结果记录表":{"id":"人乳头瘤病毒结果记录表","title":"人乳头瘤病毒基因分型结果记录表","url":"人乳头瘤病毒结果记录表.html","level":4,"parentId":"人乳头瘤病毒基因分型检测","tabIndex":0},"性传播疾病病原体三项核酸检测":{"id":"性传播疾病病原体三项核酸检测","title":"性传播疾病病原体三项核酸检测","url":"性传播疾病病原体三项核酸检测.html","level":3,"parentId":"项目一览表","pages":["性传播疾病病原体三项核酸检测结果记录表"],"tabIndex":2},"性传播疾病病原体三项核酸检测结果记录表":{"id":"性传播疾病病原体三项核酸检测结果记录表","title":"性传播疾病病原体三项核酸检测结果记录表","url":"性传播疾病病原体三项核酸检测结果记录表.html","level":4,"parentId":"性传播疾病病原体三项核酸检测","tabIndex":0},"结核分枝杆菌复合群核酸检测":{"id":"结核分枝杆菌复合群核酸检测","title":"结核分枝杆菌复合群核酸检测","url":"结核分枝杆菌复合群核酸检测.html","level":3,"parentId":"项目一览表","pages":["结核分枝杆菌复合群核酸检测结果记录表"],"tabIndex":3},"结核分枝杆菌复合群核酸检测结果记录表":{"id":"结核分枝杆菌复合群核酸检测结果记录表","title":"结核分枝杆菌复合群核酸检测结果记录本","url":"结核分枝杆菌复合群核酸检测结果记录表.html","level":4,"parentId":"结核分枝杆菌复合群核酸检测","tabIndex":0},"单纯疱疹病毒2型核酸检测":{"id":"单纯疱疹病毒2型核酸检测","title":"单纯疱疹病毒2型核酸检测","url":"单纯疱疹病毒2型核酸检测.html","level":3,"parentId":"项目一览表","tabIndex":4},"真菌三项核酸检测":{"id":"真菌三项核酸检测","title":"真菌三项核酸检测","url":"真菌三项核酸检测.html","level":3,"parentId":"项目一览表","pages":["真菌结果记录表"],"tabIndex":5},"真菌结果记录表":{"id":"真菌结果记录表","title":"真菌结果记录表","url":"真菌结果记录表.html","level":4,"parentId":"真菌三项核酸检测","tabIndex":0},"新型冠状病毒核酸检测":{"id":"新型冠状病毒核酸检测","title":"新型冠状病毒核酸检测","url":"新型冠状病毒核酸检测.html","level":3,"parentId":"项目一览表","tabIndex":6},"血液感染性疾病筛查":{"id":"血液感染性疾病筛查","title":"血源性病原体三项核酸检测","url":"血液感染性疾病筛查.html","level":3,"parentId":"项目一览表","pages":["血源性病原体三项核酸检测结果记录表"],"tabIndex":7},"血源性病原体三项核酸检测结果记录表":{"id":"血源性病原体三项核酸检测结果记录表","title":"血源性病原体三项核酸检测检测结果记录表","url":"血源性病原体三项核酸检测结果记录表.html","level":4,"parentId":"血液感染性疾病筛查","tabIndex":0},"呼吸道病原体核酸六项检测":{"id":"呼吸道病原体核酸六项检测","title":"呼吸道病原体核酸六项检测","url":"呼吸道病原体核酸六项检测.html","level":3,"parentId":"项目一览表","pages":["新型冠状病毒结果记录表","百日咳杆菌结果记录表","呼吸道病原体核酸六项检测结果记录表"],"tabIndex":8},"新型冠状病毒结果记录表":{"id":"新型冠状病毒结果记录表","title":"新型冠状病毒核酸结果记录表","url":"新型冠状病毒结果记录表.html","level":4,"parentId":"呼吸道病原体核酸六项检测","tabIndex":0},"百日咳杆菌结果记录表":{"id":"百日咳杆菌结果记录表","title":"百日咳杆菌核酸检测结果记录表","url":"百日咳杆菌结果记录表.html","level":4,"parentId":"呼吸道病原体核酸六项检测","tabIndex":1},"呼吸道病原体核酸六项检测结果记录表":{"id":"呼吸道病原体核酸六项检测结果记录表","title":"呼吸道病原体核酸六项检测结果记录表","url":"呼吸道病原体核酸六项检测结果记录表.html","level":4,"parentId":"呼吸道病原体核酸六项检测","tabIndex":2},"呼吸道病原体核酸八项检测":{"id":"呼吸道病原体核酸八项检测","title":"呼吸道病原体核酸八项检测","url":"呼吸道病原体核酸八项检测.html","level":3,"parentId":"项目一览表","pages":["呼吸道病原体核酸八项检测结果记录表"],"tabIndex":9},"呼吸道病原体核酸八项检测结果记录表":{"id":"呼吸道病原体核酸八项检测结果记录表","title":"呼吸道病原体核酸八项检测结果记录表","url":"呼吸道病原体核酸八项检测结果记录表.html","level":4,"parentId":"呼吸道病原体核酸八项检测","tabIndex":0},"乙型肝炎病毒核酸定量检测":{"id":"乙型肝炎病毒核酸定量检测","title":"乙肝病毒定量","url":"乙型肝炎病毒核酸定量检测.html","level":3,"parentId":"项目一览表","tabIndex":10},"丙型肝炎病毒基因分型":{"id":"丙型肝炎病毒基因分型","title":"丙型肝炎病毒基因分型","url":"丙型肝炎病毒基因分型.html","level":3,"parentId":"项目一览表","tabIndex":11},"巨细胞病毒":{"id":"巨细胞病毒","title":"巨细胞病毒","url":"巨细胞病毒.html","level":3,"parentId":"项目一览表","tabIndex":12},"扩增体系一览表":{"id":"扩增体系一览表","title":"扩增体系和结果判读方法","url":"扩增体系一览表.html","level":2,"parentId":"检测方法和报告发布","pages":["样本信息表"],"tabIndex":1},"样本信息表":{"id":"样本信息表","title":"样本信息","url":"样本信息表.html","level":3,"parentId":"扩增体系一览表","tabIndex":0},"注意事项":{"id":"注意事项","title":"提示","url":"注意事项.html","level":0,"tabIndex":3},"异常结果原因排查流程":{"id":"异常结果原因排查流程","title":"异常结果原因排查流程","url":"异常结果原因排查流程.html","level":0,"tabIndex":4},"临床微生物检验":{"id":"临床微生物检验","title":"临床微生物检验","url":"临床微生物检验.html","level":0,"pages":["血培养"],"tabIndex":5},"血培养":{"id":"血培养","title":"血培养","url":"血培养.html","level":1,"parentId":"临床微生物检验","tabIndex":0},"夜班":{"id":"夜班","title":"夜班","url":"夜班.html","level":0,"tabIndex":6},"库":{"id":"库","title":"库","url":"库.html","level":0,"pages":["library"],"tabIndex":7},"library":{"id":"library","title":"库","url":"library.html","level":1,"parentId":"库","tabIndex":0}}},"topLevelIds":["结果记录表","前言","临床分子生物检验","注意事项","异常结果原因排查流程","临床微生物检验","夜班","库"]}